{"cameraMode":{"drawMode":0,"name":"Shaded","section":"Shading Mode"},"sceneLighting":false,"audioPlay":false,"sceneViewState":{"showFog":true,"showMaterialUpdate":false,"showSkybox":false,"showFlares":true,"showImageEffects":true,"showParticleSystems":true},"in2DMode":false,"pivot":{"x":3.0457119941711427,"y":3.998426675796509,"z":24.552209854125978},"rotation":{"x":-0.006454003043472767,"y":0.9939019680023193,"z":-0.04758267104625702,"w":-0.10103443264961243},"size":1.6226310729980469,"orthographic":false}