{"cameraMode":{"drawMode":0,"name":"Shaded","section":"Shading Mode"},"sceneLighting":false,"audioPlay":false,"sceneViewState":{"showFog":true,"showMaterialUpdate":false,"showSkybox":false,"showFlares":true,"showImageEffects":true,"showParticleSystems":true},"in2DMode":false,"pivot":{"x":-8.5339937210083,"y":2.0999999046325685,"z":18.268999099731447},"rotation":{"x":0.2377018928527832,"y":-0.3813439905643463,"z":0.10054606199264527,"w":0.8878569006919861},"size":1.0825318098068238,"orthographic":false}