{"cameraMode":{"drawMode":0,"name":"Shaded","section":"Shading Mode"},"sceneLighting":false,"audioPlay":false,"sceneViewState":{"showFog":true,"showMaterialUpdate":false,"showSkybox":false,"showFlares":true,"showImageEffects":true,"showParticleSystems":true},"in2DMode":false,"pivot":{"x":0.0,"y":0.07456761598587036,"z":0.4675901532173157},"rotation":{"x":0.0719711109995842,"y":-0.6815986037254334,"z":0.06774880737066269,"w":0.7250873446464539},"size":0.7169879078865051,"orthographic":false}