{"cameraMode":{"drawMode":0,"name":"Shaded","section":"Shading Mode"},"sceneLighting":true,"audioPlay":false,"sceneViewState":{"showFog":true,"showMaterialUpdate":false,"showSkybox":true,"showFlares":true,"showImageEffects":true,"showParticleSystems":true},"in2DMode":false,"pivot":{"x":3.0457119941711427,"y":3.998426675796509,"z":24.552209854125978},"rotation":{"x":0.06368950009346008,"y":-0.6855462789535523,"z":0.06041451171040535,"w":0.7227288484573364},"size":5.3116679191589359,"orthographic":false}