{"cameraMode":{"drawMode":0,"name":"Shaded","section":"Shading Mode"},"sceneLighting":false,"audioPlay":false,"sceneViewState":{"showFog":true,"showMaterialUpdate":false,"showSkybox":false,"showFlares":true,"showImageEffects":true,"showParticleSystems":true},"in2DMode":false,"pivot":{"x":0.0040000006556510929,"y":1.152999997138977,"z":4.019999980926514},"rotation":{"x":0.23910322785377503,"y":-0.10867932438850403,"z":0.026941396296024324,"w":0.9645200967788696},"size":0.08660262078046799,"orthographic":false}