{"cameraMode":{"drawMode":0,"name":"Shaded","section":"Shading Mode"},"sceneLighting":true,"audioPlay":false,"sceneViewState":{"showFog":true,"showMaterialUpdate":false,"showSkybox":true,"showFlares":true,"showImageEffects":true,"showParticleSystems":true},"in2DMode":false,"pivot":{"x":-25.34331703186035,"y":2.275453567504883,"z":24.27855682373047},"rotation":{"x":-0.02707558684051037,"y":0.5734273791313171,"z":-0.018878279253840448,"w":-0.8190886974334717},"size":9.414097785949707,"orthographic":false}