{"cameraMode":{"drawMode":0,"name":"Shaded","section":"Shading Mode"},"sceneLighting":true,"audioPlay":false,"sceneViewState":{"showFog":true,"showMaterialUpdate":false,"showSkybox":true,"showFlares":true,"showImageEffects":true,"showParticleSystems":true},"in2DMode":false,"pivot":{"x":3.6329922676086427,"y":1.914592981338501,"z":26.195186614990236},"rotation":{"x":-0.30146676301956179,"y":0.6089315414428711,"z":-0.2664579153060913,"w":-0.6838560104370117},"size":3.722630739212036,"orthographic":false}