{"cameraMode":{"drawMode":0,"name":"Shaded","section":"Shading Mode"},"sceneLighting":true,"audioPlay":false,"sceneViewState":{"showFog":true,"showMaterialUpdate":false,"showSkybox":true,"showFlares":true,"showImageEffects":true,"showParticleSystems":true},"in2DMode":false,"pivot":{"x":-1.267663598060608,"y":5.78916597366333,"z":23.624675750732423},"rotation":{"x":-0.00373328966088593,"y":-0.6816315650939941,"z":-0.0034775484818965198,"w":0.7316805124282837},"size":6.003661632537842,"orthographic":false}