{"cameraMode":{"drawMode":0,"name":"Shaded","section":"Shading Mode"},"sceneLighting":true,"audioPlay":false,"sceneViewState":{"showFog":true,"showMaterialUpdate":false,"showSkybox":true,"showFlares":true,"showImageEffects":true,"showParticleSystems":true},"in2DMode":false,"pivot":{"x":3.070709228515625,"y":0.5001741051673889,"z":30.325820922851564},"rotation":{"x":0.6992825269699097,"y":0.023561950773000718,"z":-0.023097006604075433,"w":0.71412593126297},"size":26.49042320251465,"orthographic":true}