{"cameraMode":{"drawMode":0,"name":"Shaded","section":"Shading Mode"},"sceneLighting":false,"audioPlay":false,"sceneViewState":{"showFog":true,"showMaterialUpdate":false,"showSkybox":false,"showFlares":true,"showImageEffects":true,"showParticleSystems":true},"in2DMode":false,"pivot":{"x":-0.0038429386913776399,"y":0.04693588614463806,"z":0.20052212476730348},"rotation":{"x":0.0719711109995842,"y":-0.6815986037254334,"z":0.06774880737066269,"w":0.7250873446464539},"size":0.3213786482810974,"orthographic":false}