{"cameraMode":{"drawMode":0,"name":"Shaded","section":"Shading Mode"},"sceneLighting":false,"audioPlay":false,"sceneViewState":{"showFog":true,"showMaterialUpdate":false,"showSkybox":false,"showFlares":true,"showImageEffects":true,"showParticleSystems":true},"in2DMode":false,"pivot":{"x":0.0,"y":0.07456761598587036,"z":0.4675901532173157},"rotation":{"x":0.12604109942913056,"y":-0.6064216494560242,"z":0.09826316684484482,"w":0.7789807319641113},"size":2.251516819000244,"orthographic":false}