{"cameraMode":{"drawMode":0,"name":"Shaded","section":"Shading Mode"},"sceneLighting":false,"audioPlay":false,"sceneViewState":{"showFog":true,"showMaterialUpdate":false,"showSkybox":false,"showFlares":true,"showImageEffects":true,"showParticleSystems":true},"in2DMode":false,"pivot":{"x":-8.859999656677246,"y":4.329999923706055,"z":12.3100004196167},"rotation":{"x":0.12796996533870698,"y":0.272960901260376,"z":-0.036628298461437228,"w":0.9528167247772217},"size":0.4330126941204071,"orthographic":false}