{"cameraMode":{"drawMode":0,"name":"Shaded","section":"Shading Mode"},"sceneLighting":true,"audioPlay":false,"sceneViewState":{"showFog":true,"showMaterialUpdate":false,"showSkybox":true,"showFlares":true,"showImageEffects":true,"showParticleSystems":true},"in2DMode":false,"pivot":{"x":402.2639465332031,"y":352.81597900390627,"z":33.4471435546875},"rotation":{"x":0.09545976668596268,"y":0.0786132663488388,"z":-0.008978347294032574,"w":0.9924573302268982},"size":511.7069396972656,"orthographic":false}